time_s,nal_type,payload_bytes
0.0319999999992433,1,104
0.14099999999962165,7,9
0.14099999999962165,8,6
0.14099999999962165,7,9
0.14099999999962165,8,6
0.18800000000010186,7,9
0.18800000000010186,8,6
0.26599999999962165,5,6088
0.26599999999962165,1,364
0.39099999999962165,1,112
0.5,7,9
0.5,8,6
0.5,7,9
0.5,8,6
0.5470000000004802,7,9
0.5470000000004802,8,6
0.6100000000005821,5,5400
0.625,1,466
0.75,1,149
0.8600000000005821,7,9
0.8600000000005821,8,6
0.8600000000005821,7,9
0.8600000000005821,8,6
0.9069999999992433,7,9
0.9069999999992433,8,6
0.9689999999991414,5,5447
1.0,1,473
1.110000000000582,1,157
1.2189999999991414,7,9
1.2189999999991414,8,6
1.2189999999991414,7,9
1.2189999999991414,8,6
1.2659999999996217,7,9
1.2659999999996217,8,6
1.3289999999997235,5,5463
1.3439999999991414,1,518
1.4689999999991414,1,147
1.5789999999997235,7,9
1.5789999999997235,8,6
1.5789999999997235,7,9
1.5789999999997235,8,6
1.625,7,9
1.625,8,6
1.6880000000001019,5,5449
1.7039999999997235,1,506
1.8289999999997235,1,164
1.9380000000001019,7,9
1.9380000000001019,8,6
1.9380000000001019,7,9
1.9380000000001019,8,6
1.985000000000582,7,9
1.985000000000582,8,6
2.04700000000048,5,5421
2.063000000000102,1,536
2.188000000000102,1,179
2.29700000000048,7,9
2.29700000000048,8,6
2.29700000000048,7,9
2.29700000000048,8,6
2.3439999999991414,7,9
2.3439999999991414,8,6
2.4069999999992433,5,5362
2.438000000000102,1,462
2.54700000000048,1,152
2.6569999999992433,7,9
2.6569999999992433,8,6
2.6569999999992433,7,9
2.6569999999992433,8,6
2.7039999999997235,7,9
2.7039999999997235,8,6
2.7659999999996217,5,5407
2.7819999999992433,1,495
2.9069999999992433,1,161
3.0159999999996217,7,9
3.0159999999996217,8,6
3.0159999999996217,7,9
3.0159999999996217,8,6
3.063000000000102,7,9
3.063000000000102,8,6
3.125,5,5423
3.1569999999992433,1,544
3.2659999999996217,1,184
3.375,7,9
3.375,8,6
3.375,7,9
3.375,8,6
3.42200000000048,7,9
3.42200000000048,8,6
3.485000000000582,5,5450
3.5159999999996217,1,460
3.625,1,153
3.735000000000582,7,9
3.735000000000582,8,6
3.735000000000582,7,9
3.735000000000582,8,6
3.7819999999992433,7,9
3.7819999999992433,8,6
3.8439999999991414,5,5438
3.860000000000582,1,496
3.985000000000582,1,131
4.093999999999141,7,9
4.093999999999141,8,6
4.093999999999141,7,9
4.093999999999141,8,6
4.140999999999622,7,9
4.140999999999622,8,6
4.2039999999997235,5,5452
4.235000000000582,1,485
4.343999999999141,1,162
4.4539999999997235,7,9
4.4539999999997235,8,6
4.4539999999997235,7,9
4.4539999999997235,8,6
4.5,7,9
4.5,8,6
4.563000000000102,5,5428
4.593999999999141,1,506
4.7039999999997235,1,131
4.813000000000102,7,9
4.813000000000102,8,6
4.813000000000102,7,9
4.813000000000102,8,6
4.875,7,9
4.875,8,6
4.968999999999141,5,7802
4.968999999999141,1,406
5.063000000000102,1,108
5.17200000000048,7,9
5.17200000000048,8,6
5.17200000000048,7,9
5.17200000000048,8,6
5.235000000000582,7,9
5.235000000000582,8,6
5.29700000000048,5,6145
5.313000000000102,1,351
5.42200000000048,1,136
5.531999999999243,7,9
5.531999999999243,8,6
5.531999999999243,7,9
5.54700000000048,8,6
5.593999999999141,7,9
5.593999999999141,8,6
5.688000000000102,5,7784
5.7039999999997235,1,454
5.781999999999243,1,136
5.906999999999243,7,9
5.906999999999243,8,6
5.906999999999243,7,9
5.906999999999243,8,6
5.9539999999997235,7,9
5.9539999999997235,8,6
6.015999999999622,5,6072
6.031999999999243,1,401
6.140999999999622,1,101
6.265999999999622,7,9
6.265999999999622,8,6
6.265999999999622,7,9
6.265999999999622,8,6
6.3289999999997235,7,9
6.3289999999997235,8,6
6.406999999999243,5,7782
6.42200000000048,1,416
6.5,1,105
6.625,7,9
6.625,8,6
6.625,7,9
6.625,8,6
6.67200000000048,7,9
6.67200000000048,8,6
6.735000000000582,5,6178
6.75,1,387
6.860000000000582,1,97
6.985000000000582,7,9
6.985000000000582,8,6
6.985000000000582,7,9
6.985000000000582,8,6
7.04700000000048,7,9
7.04700000000048,8,6
7.125,5,7740
7.140999999999622,1,413
7.218999999999141,1,128
7.343999999999141,7,9
7.343999999999141,8,6
7.343999999999141,7,9
7.343999999999141,8,6
7.390999999999622,7,9
7.390999999999622,8,6
7.4539999999997235,5,6122
7.468999999999141,1,365
7.5789999999997235,1,89
7.7039999999997235,7,9
7.7039999999997235,8,6
7.7039999999997235,7,9
7.7039999999997235,8,6
7.765999999999622,7,9
7.765999999999622,8,6
7.843999999999141,5,7823
7.860000000000582,1,407
7.938000000000102,1,114
8.063000000000102,7,9
8.063000000000102,8,6
8.063000000000102,7,9
8.063000000000102,8,6
8.110000000000582,7,9
8.110000000000582,8,6
8.17200000000048,5,6093
8.188000000000102,1,361
8.313000000000102,1,95
8.42200000000048,7,9
8.42200000000048,8,6
8.42200000000048,7,9
8.42200000000048,8,6
8.485000000000582,7,9
8.485000000000582,8,6
8.563000000000102,5,7760
8.578999999999724,1,399
8.67200000000048,1,141
8.781999999999243,7,9
8.781999999999243,8,6
8.781999999999243,7,9
8.781999999999243,8,6
8.828999999999724,7,9
8.828999999999724,8,6
8.906999999999243,5,6131
8.906999999999243,1,427
9.031999999999243,1,117
9.140999999999622,7,9
9.140999999999622,8,6
9.140999999999622,7,9
9.140999999999622,8,6
9.203999999999724,7,9
9.203999999999724,8,6
9.29700000000048,5,7785
9.29700000000048,1,444
9.390999999999622,1,132
9.5,7,9
9.5,8,6
9.5,7,9
9.5,8,6
9.54700000000048,7,9
9.54700000000048,8,6
9.625,5,6163
9.625,1,360
9.75,1,97
9.860000000000582,7,9
9.860000000000582,8,6
9.860000000000582,7,9
9.860000000000582,8,6
9.92200000000048,7,9
9.92200000000048,8,6
10.015999999999622,5,7807
10.015999999999622,1,397
10.110000000000582,1,141
10.218999999999141,7,9
10.218999999999141,8,6
10.218999999999141,7,9
10.218999999999141,8,6
10.265999999999622,7,9
10.265999999999622,8,6
10.343999999999141,5,6119
10.343999999999141,1,402
10.468999999999141,1,92
10.578999999999724,7,9
10.578999999999724,8,6
10.578999999999724,7,9
10.578999999999724,8,6
10.640999999999622,7,9
10.640999999999622,8,6
10.735000000000582,5,7778
10.735000000000582,1,468
10.828999999999724,1,108
10.938000000000102,7,9
10.938000000000102,8,6
10.938000000000102,7,9
10.938000000000102,8,6
10.985000000000582,7,9
10.985000000000582,8,6
11.063000000000102,5,6149
11.063000000000102,1,415
11.188000000000102,1,116
11.29700000000048,7,9
11.29700000000048,8,6
11.29700000000048,7,9
11.29700000000048,8,6
11.360000000000582,7,9
11.360000000000582,8,6
11.453999999999724,5,7813
11.453999999999724,1,381
11.54700000000048,1,112
11.656999999999243,7,9
11.656999999999243,8,6
11.656999999999243,7,9
11.656999999999243,8,6
11.735000000000582,7,9
11.735000000000582,8,6
11.843999999999141,5,9549
11.843999999999141,1,463
11.906999999999243,1,149
12.015999999999622,7,9
12.015999999999622,8,6
12.015999999999622,7,9
12.015999999999622,8,6
12.078999999999724,7,9
12.078999999999724,8,6
12.17200000000048,5,7696
12.17200000000048,1,402
12.265999999999622,1,125
12.375,7,9
12.375,8,6
12.375,7,9
12.375,8,6
12.42200000000048,7,9
12.42200000000048,8,6
12.5,5,6138
12.515999999999622,1,376
12.625,1,108
12.735000000000582,7,9
12.735000000000582,8,6
12.735000000000582,7,9
12.735000000000582,8,6
12.781999999999243,7,9
12.781999999999243,8,6
12.843999999999141,5,5442
12.875,1,447
12.985000000000582,1,185
13.093999999999141,7,9
13.093999999999141,8,6
13.093999999999141,7,9
13.093999999999141,8,6
13.140999999999622,7,9
13.140999999999622,8,6
13.203999999999724,5,5417
13.235000000000582,1,464
13.343999999999141,1,159
13.453999999999724,7,9
13.453999999999724,8,6
13.453999999999724,7,9
13.453999999999724,8,6
13.515999999999622,7,9
13.515999999999622,8,6
13.610000000000582,5,7749
13.610000000000582,1,386
13.703999999999724,1,95
13.813000000000102,7,9
13.813000000000102,8,6
13.813000000000102,7,9
13.813000000000102,8,6
13.860000000000582,7,9
13.860000000000582,8,6
13.938000000000102,5,6066
13.953999999999724,1,408
14.063000000000102,1,85
14.17200000000048,7,9
14.17200000000048,8,6
14.17200000000048,7,9
14.17200000000048,8,6
14.235000000000582,7,9
14.235000000000582,8,6
14.328999999999724,5,7764
14.328999999999724,1,455
14.42200000000048,1,116
14.531999999999243,7,9
14.531999999999243,8,6
14.531999999999243,7,9
14.531999999999243,8,6
14.593999999999141,7,9
14.593999999999141,8,6
14.656999999999243,5,6109
14.67200000000048,1,426
14.781999999999243,1,100
14.890999999999622,7,9
14.890999999999622,8,6
14.890999999999622,7,9
14.890999999999622,8,6
14.953999999999724,7,9
14.953999999999724,8,6
15.04700000000048,5,7746
15.04700000000048,1,387
15.140999999999622,1,135
15.25,7,9
15.25,8,6
15.25,7,9
15.25,8,6
15.313000000000102,7,9
15.313000000000102,8,6
15.375,5,6121
15.390999999999622,1,411
15.5,1,106
15.610000000000582,7,9
15.610000000000582,8,6
15.610000000000582,7,9
15.610000000000582,8,6
15.67200000000048,7,9
15.67200000000048,8,6
15.765999999999622,5,7762
15.781999999999243,1,474
15.860000000000582,1,109
15.968999999999141,7,9
15.968999999999141,8,6
15.968999999999141,7,9
15.968999999999141,8,6
16.031999999999243,7,9
16.031999999999243,8,6
16.09399999999914,5,6084
16.110000000000582,1,419
16.21899999999914,1,98
16.328999999999724,7,9
16.328999999999724,8,6
16.34399999999914,7,9
16.34399999999914,8,6
16.39099999999962,7,9
16.39099999999962,8,6
16.485000000000582,5,7802
16.5,1,471
16.578999999999724,1,109
16.703999999999724,7,9
16.703999999999724,8,6
16.703999999999724,7,9
16.703999999999724,8,6
16.75,7,9
16.75,8,6
16.813000000000102,5,6103
16.828999999999724,1,425
16.938000000000102,1,106
17.063000000000102,7,9
17.063000000000102,8,6
17.063000000000102,7,9
17.063000000000102,8,6
17.125,7,9
17.125,8,6
17.203999999999724,5,7784
17.21899999999914,1,404
17.29700000000048,1,130
17.42200000000048,7,9
17.42200000000048,8,6
17.42200000000048,7,9
17.42200000000048,8,6
17.5,7,9
17.5,8,6
17.610000000000582,5,9535
17.610000000000582,1,420
17.656999999999243,1,157
17.781999999999243,7,9
17.781999999999243,8,6
17.781999999999243,7,9
17.781999999999243,8,6
17.84399999999914,7,9
17.84399999999914,8,6
17.92200000000048,5,7819
17.938000000000102,1,457
18.01599999999962,1,123
18.14099999999962,7,9
18.14099999999962,8,6
18.14099999999962,7,9
18.14099999999962,8,6
18.188000000000102,7,9
18.188000000000102,8,6
18.26599999999962,5,6183
18.375,1,101
18.5,7,9
18.5,8,6
18.5,7,9
18.5,8,6
18.54700000000048,7,9
18.54700000000048,8,6
18.610000000000582,5,5404
18.625,1,556
18.75,1,242
18.860000000000582,7,9
18.860000000000582,8,6
18.860000000000582,7,9
18.860000000000582,8,6
18.906999999999243,7,9
18.906999999999243,8,6
18.96899999999914,5,5415
18.985000000000582,1,507
19.110000000000582,1,160
19.21899999999914,7,9
19.21899999999914,8,6
19.21899999999914,7,9
19.21899999999914,8,6
19.26599999999962,7,9
19.26599999999962,8,6
19.360000000000582,5,7836
19.375,1,402
19.46899999999914,1,113
19.578999999999724,7,9
19.578999999999724,8,6
19.578999999999724,7,9
19.578999999999724,8,6
19.625,7,9
19.625,8,6
19.703999999999724,5,6124
19.703999999999724,1,394
19.828999999999724,1,98
19.938000000000102,7,9
19.938000000000102,8,6
19.938000000000102,7,9
19.938000000000102,8,6
20.0,7,9
20.0,8,6
20.09399999999914,5,7805
20.09399999999914,1,426
20.188000000000102,1,120
20.29700000000048,7,9
20.29700000000048,8,6
20.29700000000048,7,9
20.29700000000048,8,6
20.34399999999914,7,9
20.34399999999914,8,6
20.42200000000048,5,6180
20.54700000000048,1,170
20.656999999999243,7,9
20.656999999999243,8,6
20.656999999999243,7,9
20.656999999999243,8,6
20.71899999999914,7,9
20.71899999999914,8,6
20.813000000000102,5,7749
20.813000000000102,1,398
20.906999999999243,1,134
21.01599999999962,7,9
21.01599999999962,8,6
21.01599999999962,7,9
21.01599999999962,8,6
21.063000000000102,7,9
21.063000000000102,8,6
21.14099999999962,5,6124
21.14099999999962,1,360
21.26599999999962,1,109
21.375,7,9
21.375,8,6
21.375,7,9
21.375,8,6
21.438000000000102,7,9
21.438000000000102,8,6
21.531999999999243,5,7819
21.625,1,127
21.735000000000582,7,9
21.735000000000582,8,6
21.735000000000582,7,9
21.735000000000582,8,6
21.781999999999243,7,9
21.781999999999243,8,6
21.860000000000582,5,6114
21.860000000000582,1,359
21.985000000000582,1,104
22.09399999999914,7,9
22.09399999999914,8,6
22.09399999999914,7,9
22.09399999999914,8,6
22.156999999999243,7,9
22.156999999999243,8,6
22.25,5,7819
22.25,1,433
22.34399999999914,1,117
22.453999999999724,7,9
22.453999999999724,8,6
22.453999999999724,7,9
22.453999999999724,8,6
22.5,7,9
22.5,8,6
22.578999999999724,5,6163
22.578999999999724,1,371
22.703999999999724,1,95
22.813000000000102,7,9
22.813000000000102,8,6
22.813000000000102,7,9
22.813000000000102,8,6
22.875,7,9
22.875,8,6
22.96899999999914,5,7869
22.96899999999914,1,397
23.063000000000102,1,127
23.17200000000048,7,9
23.17200000000048,8,6
23.17200000000048,7,9
23.17200000000048,8,6
23.21899999999914,7,9
23.21899999999914,8,6
23.29700000000048,5,6109
23.313000000000102,1,392
23.42200000000048,1,129
23.531999999999243,7,9
23.531999999999243,8,6
23.531999999999243,7,9
23.531999999999243,8,6
23.59399999999914,7,9
23.59399999999914,8,6
23.688000000000102,5,7770
23.688000000000102,1,413
23.781999999999243,1,113
23.89099999999962,7,9
23.89099999999962,8,6
23.89099999999962,7,9
23.89099999999962,8,6
23.938000000000102,7,9
23.938000000000102,8,6
24.01599999999962,5,6159
24.14099999999962,1,92
24.25,7,9
24.25,8,6
24.25,7,9
24.25,8,6
24.313000000000102,7,9
24.313000000000102,8,6
24.406999999999243,5,7848
24.406999999999243,1,396
24.5,1,121
24.610000000000582,7,9
24.610000000000582,8,6
24.610000000000582,7,9
24.610000000000582,8,6
24.67200000000048,7,9
24.67200000000048,8,6
24.735000000000582,5,6107
24.75,1,345
24.860000000000582,1,110
24.96899999999914,7,9
24.96899999999914,8,6
24.96899999999914,7,9
24.96899999999914,8,6
25.031999999999243,7,9
25.031999999999243,8,6
25.125,5,7784
25.125,1,494
25.21899999999914,1,117
25.328999999999724,7,9
25.328999999999724,8,6
25.328999999999724,7,9
25.328999999999724,8,6
25.39099999999962,7,9
25.39099999999962,8,6
25.453999999999724,5,6187
25.46899999999914,1,436
25.578999999999724,1,97
25.688000000000102,7,9
25.688000000000102,8,6
25.688000000000102,7,9
25.688000000000102,8,6
25.75,7,9
25.75,8,6
25.84399999999914,5,7808
25.84399999999914,1,375
25.938000000000102,1,129
26.04700000000048,7,9
26.04700000000048,8,6
26.04700000000048,7,9
26.04700000000048,8,6
26.110000000000582,7,9
26.110000000000582,8,6
26.17200000000048,5,6065
26.188000000000102,1,402
26.29700000000048,1,152
26.406999999999243,7,9
26.406999999999243,8,6
26.406999999999243,7,9
26.42200000000048,8,6
26.46899999999914,7,9
26.46899999999914,8,6
26.563000000000102,5,7778
26.563000000000102,1,445
26.656999999999243,1,163
26.76599999999962,7,9
26.76599999999962,8,6
26.76599999999962,7,9
26.781999999999243,8,6
26.828999999999724,7,9
26.828999999999724,8,6
26.89099999999962,5,6109
26.906999999999243,1,421
27.01599999999962,1,108
27.14099999999962,7,9
27.14099999999962,8,6
27.14099999999962,7,9
27.14099999999962,8,6
27.203999999999724,7,9
27.203999999999724,8,6
27.281999999999243,5,7772
27.29700000000048,1,489
27.375,1,122
27.5,7,9
27.5,8,6
27.5,7,9
27.5,8,6
27.54700000000048,7,9
27.54700000000048,8,6
27.610000000000582,5,6086
27.625,1,376
27.735000000000582,1,96
27.860000000000582,7,9
27.860000000000582,8,6
27.860000000000582,7,9
27.860000000000582,8,6
27.92200000000048,7,9
27.92200000000048,8,6
28.0,5,7774
28.01599999999962,1,402
28.09399999999914,1,135
28.21899999999914,7,9
28.21899999999914,8,6
28.21899999999914,7,9
28.21899999999914,8,6
28.26599999999962,7,9
28.26599999999962,8,6
28.328999999999724,5,6132
28.34399999999914,1,427
28.453999999999724,1,96
28.578999999999724,7,9
28.578999999999724,8,6
28.578999999999724,7,9
28.578999999999724,8,6
28.64099999999962,7,9
28.64099999999962,8,6
28.71899999999914,5,7800
28.735000000000582,1,445
28.813000000000102,1,119
28.938000000000102,7,9
28.938000000000102,8,6
28.938000000000102,7,9
28.938000000000102,8,6
28.985000000000582,7,9
28.985000000000582,8,6
29.063000000000102,5,6152
29.17200000000048,1,120
29.29700000000048,7,9
29.29700000000048,8,6
29.29700000000048,7,9
29.29700000000048,8,6
29.360000000000582,7,9
29.360000000000582,8,6
29.438000000000102,5,7815
29.453999999999724,1,458
29.54700000000048,1,119
29.656999999999243,7,9
29.656999999999243,8,6
29.656999999999243,7,9
29.656999999999243,8,6
29.703999999999724,7,9
29.703999999999724,8,6
29.76599999999962,5,6143
29.781999999999243,1,376
29.906999999999243,1,102
30.01599999999962,7,9
30.01599999999962,8,6
30.01599999999962,7,9
30.01599999999962,8,6
30.078999999999724,7,9
30.078999999999724,8,6
30.17200000000048,5,7814
30.26599999999962,1,119
30.375,7,9
30.375,8,6
30.375,7,9
30.375,8,6
30.42200000000048,7,9
30.42200000000048,8,6
30.485000000000582,5,6072
30.5,1,411
30.625,1,98
30.735000000000582,7,9
30.735000000000582,8,6
30.735000000000582,7,9
30.735000000000582,8,6
30.79700000000048,7,9
30.79700000000048,8,6
30.89099999999962,5,7814
30.89099999999962,1,424
30.985000000000582,1,122
31.09399999999914,7,9
31.09399999999914,8,6
31.09399999999914,7,9
31.09399999999914,8,6
31.14099999999962,7,9
31.14099999999962,8,6
31.203999999999724,5,6212
31.21899999999914,1,442
31.34399999999914,1,105
31.453999999999724,7,9
31.453999999999724,8,6
31.453999999999724,7,9
31.453999999999724,8,6
31.51599999999962,7,9
31.51599999999962,8,6
31.610000000000582,5,7814
31.64099999999962,1,418
31.703999999999724,1,113
31.813000000000102,7,9
31.813000000000102,8,6
31.813000000000102,7,9
31.813000000000102,8,6
31.860000000000582,7,9
31.860000000000582,8,6
31.938000000000102,5,6144
31.938000000000102,1,387
32.0630000000001,1,119
32.17200000000048,7,9
32.17200000000048,8,6
32.17200000000048,7,9
32.17200000000048,8,6
32.23500000000058,7,9
32.23500000000058,8,6
32.32899999999972,5,7822
32.42200000000048,1,116
32.53199999999924,7,9
32.53199999999924,8,6
32.53199999999924,7,9
32.53199999999924,8,6
32.57899999999972,7,9
32.57899999999972,8,6
32.65699999999924,5,6202
32.67200000000048,1,404
32.78199999999924,1,106
32.89099999999962,7,9
32.89099999999962,8,6
32.89099999999962,7,9
32.89099999999962,8,6
32.95399999999972,7,9
32.95399999999972,8,6
33.04700000000048,5,7797
33.04700000000048,1,428
33.14099999999962,1,113
33.25,7,9
33.25,8,6
33.25,7,9
33.25,8,6
33.29700000000048,7,9
33.29700000000048,8,6
33.375,5,6155
33.5,1,105
33.61000000000058,7,9
33.61000000000058,8,6
33.61000000000058,7,9
33.61000000000058,8,6
33.67200000000048,7,9
33.67200000000048,8,6
33.76599999999962,5,7785
33.76599999999962,1,385
33.86000000000058,1,117
33.96899999999914,7,9
33.96899999999914,8,6
33.96899999999914,7,9
33.96899999999914,8,6
34.01599999999962,7,9
34.01599999999962,8,6
34.09399999999914,5,6118
34.11000000000058,1,369
34.21899999999914,1,107
34.32899999999972,7,9
34.32899999999972,8,6
34.32899999999972,7,9
34.32899999999972,8,6
34.39099999999962,7,9
34.39099999999962,8,6
34.48500000000058,5,7819
34.48500000000058,1,367
34.57899999999972,1,107
34.6880000000001,7,9
34.6880000000001,8,6
34.6880000000001,7,9
34.6880000000001,8,6
34.73500000000058,7,9
34.73500000000058,8,6
34.8130000000001,5,6143
34.82899999999972,1,375
34.9380000000001,1,98
35.04700000000048,7,9
35.04700000000048,8,6
35.04700000000048,7,9
35.04700000000048,8,6
35.11000000000058,7,9
35.11000000000058,8,6
35.20399999999972,5,7801
35.20399999999972,1,511
35.29700000000048,1,131
35.40699999999924,7,9
35.40699999999924,8,6
35.40699999999924,7,9
35.40699999999924,8,6
35.46899999999914,7,9
35.46899999999914,8,6
35.53199999999924,5,6166
35.54700000000048,1,341
35.65699999999924,1,108
35.76599999999962,7,9
35.76599999999962,8,6
35.76599999999962,7,9
35.76599999999962,8,6
35.82899999999972,7,9
35.82899999999972,8,6
35.92200000000048,5,7847
35.92200000000048,1,389
36.01599999999962,1,130
36.125,7,9
36.125,8,6
36.125,7,9
36.125,8,6
36.1880000000001,7,9
36.1880000000001,8,6
36.25,5,6100
36.26599999999962,1,422
36.375,1,106
36.48500000000058,7,9
36.48500000000058,8,6
36.48500000000058,7,9
36.48500000000058,8,6
36.54700000000048,7,9
36.54700000000048,8,6
36.64099999999962,5,7838
36.64099999999962,1,388
36.73500000000058,1,112
36.84399999999914,7,9
36.84399999999914,8,6
36.84399999999914,7,9
36.84399999999914,8,6
36.90699999999924,7,9
36.90699999999924,8,6
36.96899999999914,5,6115
36.98500000000058,1,378
37.09399999999914,1,90
37.20399999999972,7,9
37.20399999999972,8,6
37.20399999999972,7,9
37.21899999999914,8,6
37.28199999999924,7,9
37.28199999999924,8,6
37.36000000000058,5,7790
37.36000000000058,1,389
37.46899999999914,1,814
37.57899999999972,7,9
37.57899999999972,8,6
37.57899999999972,7,9
37.57899999999972,8,6
37.625,7,9
37.625,8,6
37.6880000000001,5,6074
37.70399999999972,1,598
37.8130000000001,1,161
37.9380000000001,7,9
37.9380000000001,8,6
37.9380000000001,7,9
37.9380000000001,8,6
37.96899999999914,7,9
37.96899999999914,8,6
38.03199999999924,5,5351
38.0630000000001,1,531
38.17200000000048,1,260
38.29700000000048,7,9
38.29700000000048,8,6
38.29700000000048,7,9
38.29700000000048,8,6
38.34399999999914,7,9
38.34399999999914,8,6
38.40699999999924,5,5870
38.46899999999914,1,583
38.54700000000048,1,310
38.65699999999924,7,9
38.65699999999924,8,6
38.65699999999924,7,9
38.65699999999924,8,6
38.70399999999972,7,9
38.70399999999972,8,6
38.76599999999962,5,5892
38.78199999999924,1,538
38.92200000000048,1,1525
39.01599999999962,7,9
39.01599999999962,8,6
39.01599999999962,7,9
39.01599999999962,8,6
39.07899999999972,7,9
39.07899999999972,8,6
39.17200000000048,5,8134
39.17200000000048,1,425
39.25,1,159
39.375,7,9
39.375,8,6
39.375,7,9
39.375,8,6
39.45399999999972,7,9
39.45399999999972,8,6
39.5630000000001,5,10319
39.57899999999972,1,424
39.625,1,189
39.73500000000058,7,9
39.73500000000058,8,6
39.73500000000058,7,9
39.73500000000058,8,6
39.79700000000048,7,9
39.79700000000048,8,6
39.89099999999962,5,8162
39.89099999999962,1,503
39.98500000000058,1,159
40.09399999999914,7,9
40.09399999999914,8,6
40.09399999999914,7,9
40.09399999999914,8,6
40.14099999999962,7,9
40.14099999999962,8,6
40.21899999999914,5,6695
40.21899999999914,1,432
40.34399999999914,1,121
40.45399999999972,7,9
40.45399999999972,8,6
40.45399999999972,7,9
40.45399999999972,8,6
40.5,7,9
40.5,8,6
40.5630000000001,5,5357
40.57899999999972,1,463
40.70399999999972,1,167
40.8130000000001,7,9
40.8130000000001,8,6
40.8130000000001,7,9
40.8130000000001,8,6
40.86000000000058,7,9
40.86000000000058,8,6
40.92200000000048,5,5403
40.9380000000001,1,468
41.0630000000001,1,147
41.17200000000048,7,9
41.17200000000048,8,6
41.17200000000048,7,9
41.17200000000048,8,6
41.21899999999914,7,9
41.21899999999914,8,6
41.28199999999924,5,5364
41.29700000000048,1,446
41.42200000000048,1,168
41.53199999999924,7,9
41.53199999999924,8,6
41.53199999999924,7,9
41.53199999999924,8,6
41.59399999999914,7,9
41.59399999999914,8,6
41.6880000000001,5,7817
41.6880000000001,1,449
41.78199999999924,1,123
41.89099999999962,7,9
41.89099999999962,8,6
41.89099999999962,7,9
41.89099999999962,8,6
41.9380000000001,7,9
41.9380000000001,8,6
42.01599999999962,5,6137
42.01599999999962,1,361
42.14099999999962,1,118
42.25,7,9
42.25,8,6
42.25,7,9
42.25,8,6
42.3130000000001,7,9
42.3130000000001,8,6
42.39099999999962,5,7839
42.40699999999924,1,416
42.5,1,111
42.61000000000058,7,9
42.61000000000058,8,6
42.61000000000058,7,9
42.61000000000058,8,6
42.65699999999924,7,9
42.65699999999924,8,6
42.73500000000058,5,6189
42.73500000000058,1,380
42.86000000000058,1,94
42.96899999999914,7,9
42.96899999999914,8,6
42.96899999999914,7,9
42.96899999999914,8,6
43.03199999999924,7,9
43.03199999999924,8,6
43.125,5,7714
43.125,1,474
43.21899999999914,1,126
43.32899999999972,7,9
43.32899999999972,8,6
43.32899999999972,7,9
43.32899999999972,8,6
43.375,7,9
43.375,8,6
43.45399999999972,5,6081
43.45399999999972,1,389
43.57899999999972,1,96
43.6880000000001,7,9
43.6880000000001,8,6
43.6880000000001,7,9
43.6880000000001,8,6
43.75,7,9
43.75,8,6
43.84399999999914,5,7763
43.90699999999924,1,393
43.9380000000001,1,127
44.04700000000048,7,9
44.04700000000048,8,6
44.04700000000048,7,9
44.04700000000048,8,6
44.09399999999914,7,9
44.09399999999914,8,6
44.17200000000048,5,6112
44.1880000000001,1,354
44.29700000000048,1,109
44.40699999999924,7,9
44.40699999999924,8,6
44.40699999999924,7,9
44.40699999999924,8,6
44.46899999999914,7,9
44.46899999999914,8,6
44.5630000000001,5,7776
44.5630000000001,1,454
44.65699999999924,1,134
44.76599999999962,7,9
44.76599999999962,8,6
44.76599999999962,7,9
44.76599999999962,8,6
44.8130000000001,7,9
44.8130000000001,8,6
44.89099999999962,5,6118
44.90699999999924,1,397
45.01599999999962,1,93
45.125,7,9
45.125,8,6
45.125,7,9
45.125,8,6
45.1880000000001,7,9
45.1880000000001,8,6
45.28199999999924,5,7823
45.28199999999924,1,377
45.375,1,107
45.48500000000058,7,9
45.48500000000058,8,6
45.48500000000058,7,9
45.48500000000058,8,6
45.54700000000048,7,9
45.54700000000048,8,6
45.61000000000058,5,6134
45.625,1,371
45.73500000000058,1,138
45.84399999999914,7,9
45.84399999999914,8,6
45.84399999999914,7,9
45.84399999999914,8,6
45.90699999999924,7,9
45.90699999999924,8,6
46.0,5,7803
46.0,1,484
46.09399999999914,1,126
46.20399999999972,7,9
46.20399999999972,8,6
46.20399999999972,7,9
46.20399999999972,8,6
46.26599999999962,7,9
46.26599999999962,8,6
46.32899999999972,5,6114
46.34399999999914,1,361
46.45399999999972,1,102
46.5630000000001,7,9
46.5630000000001,8,6
46.5630000000001,7,9
46.5630000000001,8,6
46.625,7,9
46.625,8,6
46.71899999999914,5,7791
46.71899999999914,1,451
46.82899999999972,1,813
46.92200000000048,7,9
46.92200000000048,8,6
46.92200000000048,7,9
46.9380000000001,8,6
46.98500000000058,7,9
46.98500000000058,8,6
47.04700000000048,5,6133
47.0630000000001,1,827
47.17200000000048,1,247
47.28199999999924,7,9
47.28199999999924,8,6
47.28199999999924,7,9
47.29700000000048,8,6
47.32899999999972,7,9
47.32899999999972,8,6
47.39099999999962,5,5376
47.42200000000048,1,561
47.53199999999924,1,224
47.64099999999962,7,9
47.64099999999962,8,6
47.65699999999924,7,9
47.65699999999924,8,6
47.70399999999972,7,9
47.70399999999972,8,6
47.79700000000048,5,7714
47.89099999999962,1,360
48.0,7,9
48.0,8,6
48.01599999999962,7,9
48.01599999999962,8,6
48.0630000000001,7,9
48.0630000000001,8,6
48.14099999999962,5,6109
48.25,1,187
48.375,7,9
48.375,8,6
48.375,7,9
48.375,8,6
48.42200000000048,7,9
48.42200000000048,8,6
48.51599999999962,5,7837
48.51599999999962,1,414
48.61000000000058,1,193
48.73500000000058,7,9
48.73500000000058,8,6
48.73500000000058,7,9
48.73500000000058,8,6
48.78199999999924,7,9
48.78199999999924,8,6
48.84399999999914,5,6093
48.86000000000058,1,507
48.98500000000058,1,276
49.09399999999914,7,9
49.09399999999914,8,6
49.09399999999914,7,9
49.09399999999914,8,6
49.15699999999924,7,9
49.15699999999924,8,6
49.23500000000058,5,7816
49.25,1,445
49.32899999999972,1,105
49.45399999999972,7,9
49.45399999999972,8,6
49.45399999999972,7,9
49.45399999999972,8,6
49.5,7,9
49.5,8,6
49.5630000000001,5,6126
49.57899999999972,1,416
49.6880000000001,1,91
49.8130000000001,7,9
49.8130000000001,8,6
49.8130000000001,7,9
49.8130000000001,8,6
49.86000000000058,7,9
49.86000000000058,8,6
49.95399999999972,5,7833
49.95399999999972,1,451
50.0630000000001,1,145
50.17200000000048,7,9
50.17200000000048,8,6
50.17200000000048,7,9
50.17200000000048,8,6
50.21899999999914,7,9
50.21899999999914,8,6
50.28199999999924,5,6090
50.29700000000048,1,362
50.42200000000048,1,191
50.53199999999924,7,9
50.53199999999924,8,6
50.53199999999924,7,9
50.53199999999924,8,6
50.59399999999914,7,9
50.59399999999914,8,6
50.67200000000048,5,7791
50.71899999999914,1,406
50.78199999999924,1,269
50.89099999999962,7,9
50.89099999999962,8,6
50.89099999999962,7,9
50.89099999999962,8,6
50.9380000000001,7,9
50.9380000000001,8,6
51.01599999999962,5,6149
51.01599999999962,1,379
51.14099999999962,1,103
51.25,7,9
51.25,8,6
51.25,7,9
51.25,8,6
51.29700000000048,7,9
51.29700000000048,8,6
51.36000000000058,5,5347
51.375,1,489
51.5,1,139
51.61000000000058,7,9
51.61000000000058,8,6
51.61000000000058,7,9
51.61000000000058,8,6
51.65699999999924,7,9
51.65699999999924,8,6
51.71899999999914,5,5849
51.73500000000058,1,373
51.875,1,1440
51.96899999999914,7,9
51.96899999999914,8,6
51.96899999999914,7,9
51.96899999999914,8,6
52.03199999999924,7,9
52.03199999999924,8,6
52.125,5,8192
52.125,1,412
52.21899999999914,1,133
52.32899999999972,7,9
52.32899999999972,8,6
52.32899999999972,7,9
52.32899999999972,8,6
52.40699999999924,7,9
52.40699999999924,8,6
52.53199999999924,5,10383
52.53199999999924,1,479
52.57899999999972,1,195
52.6880000000001,7,9
52.6880000000001,8,6
52.6880000000001,7,9
52.6880000000001,8,6
52.75,7,9
52.75,8,6
52.84399999999914,5,8214
52.86000000000058,1,442
52.9380000000001,1,151
53.04700000000048,7,9
53.04700000000048,8,6
53.04700000000048,7,9
53.04700000000048,8,6
53.09399999999914,7,9
53.09399999999914,8,6
53.17200000000048,5,6568
53.1880000000001,1,381
53.29700000000048,1,101
53.40699999999924,7,9
53.40699999999924,8,6
53.40699999999924,7,9
53.40699999999924,8,6
53.45399999999972,7,9
53.45399999999972,8,6
53.51599999999962,5,5346
53.54700000000048,1,483
53.65699999999924,1,171
53.76599999999962,7,9
53.76599999999962,8,6
53.76599999999962,7,9
53.76599999999962,8,6
53.8130000000001,7,9
53.8130000000001,8,6
53.875,5,5355
53.89099999999962,1,506
54.01599999999962,1,174
54.125,7,9
54.125,8,6
54.125,7,9
54.125,8,6
54.17200000000048,7,9
54.17200000000048,8,6
54.23500000000058,5,5358
54.25,1,505
54.375,1,197
54.48500000000058,7,9
54.48500000000058,8,6
54.48500000000058,7,9
54.48500000000058,8,6
54.54700000000048,7,9
54.54700000000048,8,6
54.64099999999962,5,7763
54.64099999999962,1,394
54.73500000000058,1,114
54.84399999999914,7,9
54.84399999999914,8,6
54.84399999999914,7,9
54.84399999999914,8,6
54.89099999999962,7,9
54.89099999999962,8,6
54.96899999999914,5,6079
54.98500000000058,1,396
55.09399999999914,1,90
55.20399999999972,7,9
55.20399999999972,8,6
55.20399999999972,7,9
55.20399999999972,8,6
55.26599999999962,7,9
55.26599999999962,8,6
55.36000000000058,5,7843
55.36000000000058,1,386
55.45399999999972,1,119
55.5630000000001,7,9
55.5630000000001,8,6
55.5630000000001,7,9
55.5630000000001,8,6
55.61000000000058,7,9
55.61000000000058,8,6
55.6880000000001,5,6146
55.70399999999972,1,390
55.8130000000001,1,94
55.92200000000048,7,9
55.92200000000048,8,6
55.92200000000048,7,9
55.92200000000048,8,6
55.98500000000058,7,9
55.98500000000058,8,6
56.07899999999972,5,7763
56.07899999999972,1,374
56.17200000000048,1,110
56.28199999999924,7,9
56.28199999999924,8,6
56.28199999999924,7,9
56.28199999999924,8,6
56.34399999999914,7,9
56.34399999999914,8,6
56.40699999999924,5,6122
56.42200000000048,1,368
56.53199999999924,1,109
56.64099999999962,7,9
56.64099999999962,8,6
56.64099999999962,7,9
56.64099999999962,8,6
56.70399999999972,7,9
56.70399999999972,8,6
56.79700000000048,5,7786
56.79700000000048,1,431
56.89099999999962,1,109
57.0,7,9
57.0,8,6
57.0,7,9
57.0,8,6
57.0630000000001,7,9
57.0630000000001,8,6
57.125,5,6074
57.14099999999962,1,382
57.25,1,114
57.36000000000058,7,9
57.36000000000058,8,6
57.36000000000058,7,9
57.36000000000058,8,6
57.42200000000048,7,9
57.42200000000048,8,6
57.51599999999962,5,7826
57.53199999999924,1,443
57.61000000000058,1,129
57.71899999999914,7,9
57.71899999999914,8,6
57.71899999999914,7,9
57.71899999999914,8,6
57.78199999999924,7,9
57.78199999999924,8,6
57.84399999999914,5,6129
57.86000000000058,1,373
57.96899999999914,1,104
58.07899999999972,7,9
58.07899999999972,8,6
58.07899999999972,7,9
58.09399999999914,8,6
58.14099999999962,7,9
58.14099999999962,8,6
58.23500000000058,5,7739
58.23500000000058,1,448
58.32899999999972,1,128
58.45399999999972,7,9
58.45399999999972,8,6
58.45399999999972,7,9
58.45399999999972,8,6
58.5,7,9
58.5,8,6
58.5630000000001,5,6102
58.57899999999972,1,347
58.6880000000001,1,94
58.8130000000001,7,9
58.8130000000001,8,6
58.8130000000001,7,9
58.8130000000001,8,6
58.875,7,9
58.875,8,6
58.95399999999972,5,7758
58.96899999999914,1,364
59.04700000000048,1,119
59.17200000000048,7,9
59.17200000000048,8,6
59.17200000000048,7,9
59.17200000000048,8,6
59.23500000000058,7,9
59.23500000000058,8,6
59.34399999999914,5,9456
59.34399999999914,1,407
59.42200000000048,1,189
59.53199999999924,7,9
59.53199999999924,8,6
59.53199999999924,7,9
59.53199999999924,8,6
59.59399999999914,7,9
59.59399999999914,8,6
59.67200000000048,5,7727
59.6880000000001,1,432
59.76599999999962,1,112
59.89099999999962,7,9
59.89099999999962,8,6
59.89099999999962,7,9
59.89099999999962,8,6
59.9380000000001,7,9
59.9380000000001,8,6
60.0,5,6127
